[
  {
    "municipio": "Água Branca",
    "mes": "Apr",
    "ano": "2019",
    "qtd": 30
  },
  {
    "municipio": "Água Branca",
    "mes": "May",
    "ano": "2019",
    "qtd": 16
  },
  {
    "municipio": "Água Branca",
    "mes": "Jun",
    "ano": "2019",
    "qtd": 15
  },
  {
    "municipio": "Água Branca",
    "mes": "Jul",
    "ano": "2019",
    "qtd": 18
  },
  {
    "municipio": "Água Branca",
    "mes": "Aug",
    "ano": "2019",
    "qtd": 14
  },
  {
    "municipio": "Água Branca",
    "mes": "Sep",
    "ano": "2019",
    "qtd": 17
  },
  {
    "municipio": "Água Branca",
    "mes": "Oct",
    "ano": "2019",
    "qtd": 1
  },
  {
    "municipio": "Água Branca",
    "mes": "Nov",
    "ano": "2019",
    "qtd": 5
  },
  {
    "municipio": "Água Branca",
    "mes": "Dec",
    "ano": "2019",
    "qtd": 5
  },
  {
    "municipio": "Água Branca",
    "mes": "Jan",
    "ano": "2020",
    "qtd": 24
  },
  {
    "municipio": "Água Branca",
    "mes": "Feb",
    "ano": "2020",
    "qtd": 38
  },
  {
    "municipio": "Água Branca",
    "mes": "Mar",
    "ano": "2020",
    "qtd": 48
  },
  {
    "municipio": "Água Branca",
    "mes": "Apr",
    "ano": "2020",
    "qtd": 14
  },
  {
    "municipio": "Água Branca",
    "mes": "May",
    "ano": "2020",
    "qtd": 16
  },
  {
    "municipio": "Água Branca",
    "mes": "Jun",
    "ano": "2020",
    "qtd": 5
  },
  {
    "municipio": "Água Branca",
    "mes": "Jul",
    "ano": "2020",
    "qtd": 5
  },
  {
    "municipio": "Água Branca",
    "mes": "Aug",
    "ano": "2020",
    "qtd": 7
  },
  {
    "municipio": "Água Branca",
    "mes": "Sep",
    "ano": "2020",
    "qtd": 6
  },
  {
    "municipio": "Água Branca",
    "mes": "Oct",
    "ano": "2020",
    "qtd": 3
  },
  {
    "municipio": "Água Branca",
    "mes": "Nov",
    "ano": "2020",
    "qtd": 1
  },
  {
    "municipio": "Água Branca",
    "mes": "Jan",
    "ano": "2021",
    "qtd": 8
  },
  {
    "municipio": "Água Branca",
    "mes": "Feb",
    "ano": "2021",
    "qtd": 40
  },
  {
    "municipio": "Água Branca",
    "mes": "Mar",
    "ano": "2021",
    "qtd": 32
  },
  {
    "municipio": "Água Branca",
    "mes": "Apr",
    "ano": "2021",
    "qtd": 24
  },
  {
    "municipio": "Água Branca",
    "mes": "May",
    "ano": "2021",
    "qtd": 34
  },
  {
    "municipio": "Água Branca",
    "mes": "Jun",
    "ano": "2021",
    "qtd": 19
  },
  {
    "municipio": "Água Branca",
    "mes": "Jul",
    "ano": "2021",
    "qtd": 17
  },
  {
    "municipio": "Água Branca",
    "mes": "Aug",
    "ano": "2021",
    "qtd": 6
  },
  {
    "municipio": "Água Branca",
    "mes": "Sep",
    "ano": "2021",
    "qtd": 10
  },
  {
    "municipio": "Água Branca",
    "mes": "Oct",
    "ano": "2021",
    "qtd": 13
  },
  {
    "municipio": "Água Branca",
    "mes": "Nov",
    "ano": "2021",
    "qtd": 11
  },
  {
    "municipio": "Água Branca",
    "mes": "Dec",
    "ano": "2021",
    "qtd": 10
  },
  {
    "municipio": "Água Branca",
    "mes": "Jan",
    "ano": "2022",
    "qtd": 34
  },
  {
    "municipio": "Água Branca",
    "mes": "Feb",
    "ano": "2022",
    "qtd": 25
  },
  {
    "municipio": "Água Branca",
    "mes": "Mar",
    "ano": "2022",
    "qtd": 24
  },
  {
    "municipio": "Água Branca",
    "mes": "Apr",
    "ano": "2022",
    "qtd": 25
  },
  {
    "municipio": "Água Branca",
    "mes": "May",
    "ano": "2022",
    "qtd": 16
  },
  {
    "municipio": "Água Branca",
    "mes": "Jun",
    "ano": "2022",
    "qtd": 16
  },
  {
    "municipio": "Água Branca",
    "mes": "Jul",
    "ano": "2022",
    "qtd": 17
  },
  {
    "municipio": "Água Branca",
    "mes": "Aug",
    "ano": "2022",
    "qtd": 41
  },
  {
    "municipio": "Água Branca",
    "mes": "Sep",
    "ano": "2022",
    "qtd": 27
  },
  {
    "municipio": "Água Branca",
    "mes": "Oct",
    "ano": "2022",
    "qtd": 4
  },
  {
    "municipio": "Água Branca",
    "mes": "Nov",
    "ano": "2022",
    "qtd": 8
  },
  {
    "municipio": "Água Branca",
    "mes": "Dec",
    "ano": "2022",
    "qtd": 12
  },
  {
    "municipio": "Água Branca",
    "mes": "Jan",
    "ano": "2023",
    "qtd": 83
  },
  {
    "municipio": "Água Branca",
    "mes": "Feb",
    "ano": "2023",
    "qtd": 22
  },
  {
    "municipio": "Água Branca",
    "mes": "Mar",
    "ano": "2023",
    "qtd": 44
  },
  {
    "municipio": "Água Branca",
    "mes": "Apr",
    "ano": "2023",
    "qtd": 27
  },
  {
    "municipio": "Água Branca",
    "mes": "May",
    "ano": "2023",
    "qtd": 40
  },
  {
    "municipio": "Água Branca",
    "mes": "Jun",
    "ano": "2023",
    "qtd": 23
  },
  {
    "municipio": "Água Branca",
    "mes": "Jul",
    "ano": "2023",
    "qtd": 27
  },
  {
    "municipio": "Água Branca",
    "mes": "Aug",
    "ano": "2023",
    "qtd": 16
  },
  {
    "municipio": "Água Branca",
    "mes": "Sep",
    "ano": "2023",
    "qtd": 3
  },
  {
    "municipio": "Água Branca",
    "mes": "Oct",
    "ano": "2023",
    "qtd": 8
  },
  {
    "municipio": "Água Branca",
    "mes": "Nov",
    "ano": "2023",
    "qtd": 23
  },
  {
    "municipio": "Água Branca",
    "mes": "Dec",
    "ano": "2023",
    "qtd": 36
  },
  {
    "municipio": "Água Branca",
    "mes": "Jan",
    "ano": "2024",
    "qtd": 35
  },
  {
    "municipio": "Água Branca",
    "mes": "Feb",
    "ano": "2024",
    "qtd": 61
  },
  {
    "municipio": "Água Branca",
    "mes": "Mar",
    "ano": "2024",
    "qtd": 57
  },
  {
    "municipio": "Água Branca",
    "mes": "Apr",
    "ano": "2024",
    "qtd": 30
  },
  {
    "municipio": "Água Branca",
    "mes": "May",
    "ano": "2024",
    "qtd": 50
  },
  {
    "municipio": "Água Branca",
    "mes": "Jun",
    "ano": "2024",
    "qtd": 34
  },
  {
    "municipio": "Água Branca",
    "mes": "Jul",
    "ano": "2024",
    "qtd": 47
  },
  {
    "municipio": "Água Branca",
    "mes": "Aug",
    "ano": "2024",
    "qtd": 15
  },
  {
    "municipio": "Água Branca",
    "mes": "Sep",
    "ano": "2024",
    "qtd": 25
  },
  {
    "municipio": "Água Branca",
    "mes": "Oct",
    "ano": "2024",
    "qtd": 5
  },
  {
    "municipio": "Água Branca",
    "mes": "Nov",
    "ano": "2024",
    "qtd": 8
  },
  {
    "municipio": "Água Branca",
    "mes": "Dec",
    "ano": "2024",
    "qtd": 28
  },
  {
    "municipio": "Água Branca",
    "mes": "Jan",
    "ano": "2025",
    "qtd": 6
  },
  {
    "municipio": "Água Branca",
    "mes": "Feb",
    "ano": "2025",
    "qtd": 45
  },
  {
    "municipio": "Água Branca",
    "mes": "Mar",
    "ano": "2025",
    "qtd": 42
  },
  {
    "municipio": "Água Branca",
    "mes": "Apr",
    "ano": "2025",
    "qtd": 27
  },
  {
    "municipio": "Taperoá",
    "mes": "Nov",
    "ano": "2022",
    "qtd": 4
  },
  {
    "municipio": "Taperoá",
    "mes": "Dec",
    "ano": "2022",
    "qtd": 33
  },
  {
    "municipio": "Taperoá",
    "mes": "Jan",
    "ano": "2023",
    "qtd": 55
  },
  {
    "municipio": "Taperoá",
    "mes": "Feb",
    "ano": "2023",
    "qtd": 26
  },
  {
    "municipio": "Taperoá",
    "mes": "Mar",
    "ano": "2023",
    "qtd": 42
  },
  {
    "municipio": "Taperoá",
    "mes": "Apr",
    "ano": "2023",
    "qtd": 50
  },
  {
    "municipio": "Taperoá",
    "mes": "May",
    "ano": "2023",
    "qtd": 48
  },
  {
    "municipio": "Taperoá",
    "mes": "Jun",
    "ano": "2023",
    "qtd": 65
  },
  {
    "municipio": "Taperoá",
    "mes": "Jul",
    "ano": "2023",
    "qtd": 36
  },
  {
    "municipio": "Taperoá",
    "mes": "Aug",
    "ano": "2023",
    "qtd": 37
  },
  {
    "municipio": "Taperoá",
    "mes": "Sep",
    "ano": "2023",
    "qtd": 12
  },
  {
    "municipio": "Taperoá",
    "mes": "Oct",
    "ano": "2023",
    "qtd": 21
  },
  {
    "municipio": "Taperoá",
    "mes": "Nov",
    "ano": "2023",
    "qtd": 11
  },
  {
    "municipio": "Taperoá",
    "mes": "Dec",
    "ano": "2023",
    "qtd": 19
  },
  {
    "municipio": "Taperoá",
    "mes": "Jan",
    "ano": "2024",
    "qtd": 20
  },
  {
    "municipio": "Taperoá",
    "mes": "Feb",
    "ano": "2024",
    "qtd": 18
  },
  {
    "municipio": "Taperoá",
    "mes": "Mar",
    "ano": "2024",
    "qtd": 23
  },
  {
    "municipio": "Taperoá",
    "mes": "Apr",
    "ano": "2024",
    "qtd": 24
  },
  {
    "municipio": "Taperoá",
    "mes": "May",
    "ano": "2024",
    "qtd": 8
  },
  {
    "municipio": "Taperoá",
    "mes": "Jun",
    "ano": "2024",
    "qtd": 11
  },
  {
    "municipio": "Taperoá",
    "mes": "Jul",
    "ano": "2024",
    "qtd": 11
  },
  {
    "municipio": "Taperoá",
    "mes": "Aug",
    "ano": "2024",
    "qtd": 6
  },
  {
    "municipio": "Taperoá",
    "mes": "Sep",
    "ano": "2024",
    "qtd": 9
  },
  {
    "municipio": "Taperoá",
    "mes": "Oct",
    "ano": "2024",
    "qtd": 6
  },
  {
    "municipio": "Taperoá",
    "mes": "Nov",
    "ano": "2024",
    "qtd": 4
  },
  {
    "municipio": "Taperoá",
    "mes": "Dec",
    "ano": "2024",
    "qtd": 11
  },
  {
    "municipio": "Taperoá",
    "mes": "Jan",
    "ano": "2025",
    "qtd": 5
  },
  {
    "municipio": "Taperoá",
    "mes": "Feb",
    "ano": "2025",
    "qtd": 11
  },
  {
    "municipio": "Taperoá",
    "mes": "Mar",
    "ano": "2025",
    "qtd": 10
  },
  {
    "municipio": "Taperoá",
    "mes": "Apr",
    "ano": "2025",
    "qtd": 4
  },
  {
    "municipio": "Patos",
    "mes": "Aug",
    "ano": "2019",
    "qtd": 1
  },
  {
    "municipio": "Patos",
    "mes": "May",
    "ano": "2021",
    "qtd": 5
  },
  {
    "municipio": "Patos",
    "mes": "Mar",
    "ano": "2022",
    "qtd": 1
  },
  {
    "municipio": "Patos",
    "mes": "May",
    "ano": "2022",
    "qtd": 2
  },
  {
    "municipio": "Patos",
    "mes": "Jun",
    "ano": "2022",
    "qtd": 2
  },
  {
    "municipio": "Patos",
    "mes": "Jul",
    "ano": "2022",
    "qtd": 1
  },
  {
    "municipio": "Patos",
    "mes": "Sep",
    "ano": "2022",
    "qtd": 2
  },
  {
    "municipio": "Patos",
    "mes": "Jan",
    "ano": "2023",
    "qtd": 5
  },
  {
    "municipio": "Patos",
    "mes": "Mar",
    "ano": "2023",
    "qtd": 2
  },
  {
    "municipio": "Patos",
    "mes": "Apr",
    "ano": "2023",
    "qtd": 2
  },
  {
    "municipio": "Patos",
    "mes": "May",
    "ano": "2023",
    "qtd": 2
  },
  {
    "municipio": "Patos",
    "mes": "Jul",
    "ano": "2023",
    "qtd": 2
  },
  {
    "municipio": "Patos",
    "mes": "Sep",
    "ano": "2023",
    "qtd": 1
  },
  {
    "municipio": "Patos",
    "mes": "Oct",
    "ano": "2023",
    "qtd": 2
  },
  {
    "municipio": "Patos",
    "mes": "Feb",
    "ano": "2024",
    "qtd": 1
  },
  {
    "municipio": "Patos",
    "mes": "Apr",
    "ano": "2024",
    "qtd": 2
  },
  {
    "municipio": "Patos",
    "mes": "May",
    "ano": "2024",
    "qtd": 3
  },
  {
    "municipio": "Patos",
    "mes": "Jun",
    "ano": "2024",
    "qtd": 3
  },
  {
    "municipio": "Patos",
    "mes": "Jul",
    "ano": "2024",
    "qtd": 2
  },
  {
    "municipio": "Patos",
    "mes": "Jan",
    "ano": "2025",
    "qtd": 1
  },
  {
    "municipio": "Patos",
    "mes": "Feb",
    "ano": "2025",
    "qtd": 2
  },
  {
    "municipio": "Areia de Baraúnas",
    "mes": "Feb",
    "ano": "2022",
    "qtd": 2
  },
  {
    "municipio": "Areia de Baraúnas",
    "mes": "Mar",
    "ano": "2022",
    "qtd": 5
  },
  {
    "municipio": "Areia de Baraúnas",
    "mes": "Apr",
    "ano": "2022",
    "qtd": 11
  },
  {
    "municipio": "Areia de Baraúnas",
    "mes": "May",
    "ano": "2022",
    "qtd": 6
  },
  {
    "municipio": "Areia de Baraúnas",
    "mes": "Jun",
    "ano": "2022",
    "qtd": 1
  },
  {
    "municipio": "Areia de Baraúnas",
    "mes": "Jul",
    "ano": "2022",
    "qtd": 1
  },
  {
    "municipio": "Areia de Baraúnas",
    "mes": "Aug",
    "ano": "2022",
    "qtd": 6
  },
  {
    "municipio": "Areia de Baraúnas",
    "mes": "Sep",
    "ano": "2022",
    "qtd": 1
  },
  {
    "municipio": "Areia de Baraúnas",
    "mes": "Oct",
    "ano": "2022",
    "qtd": 1
  },
  {
    "municipio": "Areia de Baraúnas",
    "mes": "Nov",
    "ano": "2022",
    "qtd": 1
  },
  {
    "municipio": "Areia de Baraúnas",
    "mes": "Dec",
    "ano": "2022",
    "qtd": 5
  },
  {
    "municipio": "Areia de Baraúnas",
    "mes": "Feb",
    "ano": "2023",
    "qtd": 11
  },
  {
    "municipio": "Areia de Baraúnas",
    "mes": "Mar",
    "ano": "2023",
    "qtd": 19
  },
  {
    "municipio": "Areia de Baraúnas",
    "mes": "Apr",
    "ano": "2023",
    "qtd": 11
  },
  {
    "municipio": "Areia de Baraúnas",
    "mes": "May",
    "ano": "2023",
    "qtd": 3
  },
  {
    "municipio": "Areia de Baraúnas",
    "mes": "Jun",
    "ano": "2023",
    "qtd": 1
  },
  {
    "municipio": "Areia de Baraúnas",
    "mes": "Jul",
    "ano": "2023",
    "qtd": 3
  },
  {
    "municipio": "Areia de Baraúnas",
    "mes": "Aug",
    "ano": "2023",
    "qtd": 2
  },
  {
    "municipio": "Areia de Baraúnas",
    "mes": "Sep",
    "ano": "2023",
    "qtd": 5
  },
  {
    "municipio": "Areia de Baraúnas",
    "mes": "Oct",
    "ano": "2023",
    "qtd": 7
  },
  {
    "municipio": "Areia de Baraúnas",
    "mes": "Nov",
    "ano": "2023",
    "qtd": 4
  },
  {
    "municipio": "Areia de Baraúnas",
    "mes": "Dec",
    "ano": "2023",
    "qtd": 13
  },
  {
    "municipio": "Areia de Baraúnas",
    "mes": "Jan",
    "ano": "2024",
    "qtd": 10
  },
  {
    "municipio": "Areia de Baraúnas",
    "mes": "Feb",
    "ano": "2024",
    "qtd": 24
  },
  {
    "municipio": "Areia de Baraúnas",
    "mes": "Mar",
    "ano": "2024",
    "qtd": 18
  },
  {
    "municipio": "Areia de Baraúnas",
    "mes": "Apr",
    "ano": "2024",
    "qtd": 23
  },
  {
    "municipio": "Areia de Baraúnas",
    "mes": "May",
    "ano": "2024",
    "qtd": 23
  },
  {
    "municipio": "Areia de Baraúnas",
    "mes": "Jun",
    "ano": "2024",
    "qtd": 12
  },
  {
    "municipio": "Areia de Baraúnas",
    "mes": "Jul",
    "ano": "2024",
    "qtd": 12
  },
  {
    "municipio": "Areia de Baraúnas",
    "mes": "Aug",
    "ano": "2024",
    "qtd": 3
  },
  {
    "municipio": "Areia de Baraúnas",
    "mes": "Sep",
    "ano": "2024",
    "qtd": 12
  },
  {
    "municipio": "Areia de Baraúnas",
    "mes": "Oct",
    "ano": "2024",
    "qtd": 3
  },
  {
    "municipio": "Areia de Baraúnas",
    "mes": "Nov",
    "ano": "2024",
    "qtd": 5
  },
  {
    "municipio": "Areia de Baraúnas",
    "mes": "Dec",
    "ano": "2024",
    "qtd": 12
  },
  {
    "municipio": "Areia de Baraúnas",
    "mes": "Jan",
    "ano": "2025",
    "qtd": 15
  },
  {
    "municipio": "Areia de Baraúnas",
    "mes": "Feb",
    "ano": "2025",
    "qtd": 29
  },
  {
    "municipio": "Areia de Baraúnas",
    "mes": "Mar",
    "ano": "2025",
    "qtd": 30
  },
  {
    "municipio": "Areia de Baraúnas",
    "mes": "Apr",
    "ano": "2025",
    "qtd": 1
  },
  {
    "municipio": "Serra Grande",
    "mes": "Feb",
    "ano": "2019",
    "qtd": 7
  },
  {
    "municipio": "Serra Grande",
    "mes": "Mar",
    "ano": "2019",
    "qtd": 2
  },
  {
    "municipio": "Serra Grande",
    "mes": "May",
    "ano": "2019",
    "qtd": 3
  },
  {
    "municipio": "Serra Grande",
    "mes": "Jun",
    "ano": "2019",
    "qtd": 4
  },
  {
    "municipio": "Serra Grande",
    "mes": "Aug",
    "ano": "2019",
    "qtd": 1
  },
  {
    "municipio": "Serra Grande",
    "mes": "Jan",
    "ano": "2021",
    "qtd": 5
  },
  {
    "municipio": "Serra Grande",
    "mes": "Feb",
    "ano": "2021",
    "qtd": 8
  },
  {
    "municipio": "Serra Grande",
    "mes": "Apr",
    "ano": "2021",
    "qtd": 8
  },
  {
    "municipio": "Serra Grande",
    "mes": "May",
    "ano": "2021",
    "qtd": 3
  },
  {
    "municipio": "Serra Grande",
    "mes": "Jun",
    "ano": "2021",
    "qtd": 3
  },
  {
    "municipio": "Serra Grande",
    "mes": "Jul",
    "ano": "2021",
    "qtd": 4
  },
  {
    "municipio": "Serra Grande",
    "mes": "Aug",
    "ano": "2021",
    "qtd": 3
  },
  {
    "municipio": "Serra Grande",
    "mes": "Sep",
    "ano": "2021",
    "qtd": 3
  },
  {
    "municipio": "Serra Grande",
    "mes": "Oct",
    "ano": "2021",
    "qtd": 2
  },
  {
    "municipio": "Serra Grande",
    "mes": "Nov",
    "ano": "2021",
    "qtd": 1
  },
  {
    "municipio": "Serra Grande",
    "mes": "Dec",
    "ano": "2021",
    "qtd": 10
  },
  {
    "municipio": "Serra Grande",
    "mes": "Jan",
    "ano": "2022",
    "qtd": 6
  },
  {
    "municipio": "Serra Grande",
    "mes": "Feb",
    "ano": "2022",
    "qtd": 10
  },
  {
    "municipio": "Serra Grande",
    "mes": "Mar",
    "ano": "2022",
    "qtd": 3
  },
  {
    "municipio": "Serra Grande",
    "mes": "Apr",
    "ano": "2022",
    "qtd": 3
  },
  {
    "municipio": "Serra Grande",
    "mes": "May",
    "ano": "2022",
    "qtd": 3
  },
  {
    "municipio": "Serra Grande",
    "mes": "Jun",
    "ano": "2022",
    "qtd": 3
  },
  {
    "municipio": "Serra Grande",
    "mes": "Jul",
    "ano": "2022",
    "qtd": 2
  },
  {
    "municipio": "Serra Grande",
    "mes": "Aug",
    "ano": "2022",
    "qtd": 2
  },
  {
    "municipio": "Serra Grande",
    "mes": "Sep",
    "ano": "2022",
    "qtd": 4
  },
  {
    "municipio": "Serra Grande",
    "mes": "Oct",
    "ano": "2022",
    "qtd": 4
  },
  {
    "municipio": "Serra Grande",
    "mes": "Nov",
    "ano": "2022",
    "qtd": 10
  },
  {
    "municipio": "Serra Grande",
    "mes": "Dec",
    "ano": "2022",
    "qtd": 7
  },
  {
    "municipio": "Serra Grande",
    "mes": "Jan",
    "ano": "2023",
    "qtd": 5
  },
  {
    "municipio": "Serra Grande",
    "mes": "Feb",
    "ano": "2023",
    "qtd": 6
  },
  {
    "municipio": "Serra Grande",
    "mes": "Mar",
    "ano": "2023",
    "qtd": 8
  },
  {
    "municipio": "Serra Grande",
    "mes": "Apr",
    "ano": "2023",
    "qtd": 6
  },
  {
    "municipio": "Serra Grande",
    "mes": "May",
    "ano": "2023",
    "qtd": 4
  },
  {
    "municipio": "Serra Grande",
    "mes": "Jun",
    "ano": "2023",
    "qtd": 1
  },
  {
    "municipio": "Serra Grande",
    "mes": "Jul",
    "ano": "2023",
    "qtd": 3
  },
  {
    "municipio": "Serra Grande",
    "mes": "Oct",
    "ano": "2023",
    "qtd": 4
  },
  {
    "municipio": "Serra Grande",
    "mes": "Nov",
    "ano": "2023",
    "qtd": 1
  },
  {
    "municipio": "Serra Grande",
    "mes": "Dec",
    "ano": "2023",
    "qtd": 20
  },
  {
    "municipio": "Serra Grande",
    "mes": "Jan",
    "ano": "2024",
    "qtd": 8
  },
  {
    "municipio": "Serra Grande",
    "mes": "Feb",
    "ano": "2024",
    "qtd": 1
  },
  {
    "municipio": "Serra Grande",
    "mes": "Mar",
    "ano": "2024",
    "qtd": 6
  },
  {
    "municipio": "Serra Grande",
    "mes": "Apr",
    "ano": "2024",
    "qtd": 4
  },
  {
    "municipio": "Serra Grande",
    "mes": "May",
    "ano": "2024",
    "qtd": 1
  },
  {
    "municipio": "Serra Grande",
    "mes": "Jun",
    "ano": "2024",
    "qtd": 7
  },
  {
    "municipio": "Serra Grande",
    "mes": "Jul",
    "ano": "2024",
    "qtd": 1
  },
  {
    "municipio": "Serra Grande",
    "mes": "Aug",
    "ano": "2024",
    "qtd": 1
  },
  {
    "municipio": "Serra Grande",
    "mes": "Sep",
    "ano": "2024",
    "qtd": 2
  },
  {
    "municipio": "Serra Grande",
    "mes": "Oct",
    "ano": "2024",
    "qtd": 6
  },
  {
    "municipio": "Serra Grande",
    "mes": "Nov",
    "ano": "2024",
    "qtd": 8
  },
  {
    "municipio": "Serra Grande",
    "mes": "Dec",
    "ano": "2024",
    "qtd": 9
  },
  {
    "municipio": "Serra Grande",
    "mes": "Jan",
    "ano": "2025",
    "qtd": 9
  },
  {
    "municipio": "Serra Grande",
    "mes": "Feb",
    "ano": "2025",
    "qtd": 8
  },
  {
    "municipio": "Serra Grande",
    "mes": "Mar",
    "ano": "2025",
    "qtd": 6
  },
  {
    "municipio": "Serra Grande",
    "mes": "Apr",
    "ano": "2025",
    "qtd": 2
  },
  {
    "municipio": "Mogeiro",
    "mes": "Sep",
    "ano": "2023",
    "qtd": 7
  },
  {
    "municipio": "Mogeiro",
    "mes": "Oct",
    "ano": "2023",
    "qtd": 11
  },
  {
    "municipio": "Mogeiro",
    "mes": "Nov",
    "ano": "2023",
    "qtd": 14
  },
  {
    "municipio": "Mogeiro",
    "mes": "Dec",
    "ano": "2023",
    "qtd": 30
  },
  {
    "municipio": "Mogeiro",
    "mes": "Jan",
    "ano": "2024",
    "qtd": 35
  },
  {
    "municipio": "Mogeiro",
    "mes": "Feb",
    "ano": "2024",
    "qtd": 18
  },
  {
    "municipio": "Mogeiro",
    "mes": "Mar",
    "ano": "2024",
    "qtd": 21
  },
  {
    "municipio": "Mogeiro",
    "mes": "Apr",
    "ano": "2024",
    "qtd": 32
  },
  {
    "municipio": "Mogeiro",
    "mes": "May",
    "ano": "2024",
    "qtd": 26
  },
  {
    "municipio": "Mogeiro",
    "mes": "Jun",
    "ano": "2024",
    "qtd": 16
  },
  {
    "municipio": "Mogeiro",
    "mes": "Jul",
    "ano": "2024",
    "qtd": 19
  },
  {
    "municipio": "Mogeiro",
    "mes": "Aug",
    "ano": "2024",
    "qtd": 26
  },
  {
    "municipio": "Mogeiro",
    "mes": "Sep",
    "ano": "2024",
    "qtd": 22
  },
  {
    "municipio": "Mogeiro",
    "mes": "Oct",
    "ano": "2024",
    "qtd": 24
  },
  {
    "municipio": "Mogeiro",
    "mes": "Nov",
    "ano": "2024",
    "qtd": 27
  },
  {
    "municipio": "Mogeiro",
    "mes": "Dec",
    "ano": "2024",
    "qtd": 20
  },
  {
    "municipio": "Mogeiro",
    "mes": "Jan",
    "ano": "2025",
    "qtd": 15
  },
  {
    "municipio": "Mogeiro",
    "mes": "Feb",
    "ano": "2025",
    "qtd": 43
  },
  {
    "municipio": "Mogeiro",
    "mes": "Mar",
    "ano": "2025",
    "qtd": 21
  },
  {
    "municipio": "Mogeiro",
    "mes": "Apr",
    "ano": "2025",
    "qtd": 13
  },
  {
    "municipio": "Campina Grande",
    "mes": "Jul",
    "ano": "2020",
    "qtd": 1
  },
  {
    "municipio": "Campina Grande",
    "mes": "Aug",
    "ano": "2020",
    "qtd": 3
  },
  {
    "municipio": "Campina Grande",
    "mes": "Mar",
    "ano": "2021",
    "qtd": 1
  },
  {
    "municipio": "Campina Grande",
    "mes": "Jul",
    "ano": "2021",
    "qtd": 1
  },
  {
    "municipio": "Campina Grande",
    "mes": "Nov",
    "ano": "2021",
    "qtd": 2
  },
  {
    "municipio": "Campina Grande",
    "mes": "Feb",
    "ano": "2022",
    "qtd": 1
  },
  {
    "municipio": "Campina Grande",
    "mes": "Mar",
    "ano": "2023",
    "qtd": 2
  },
  {
    "municipio": "Campina Grande",
    "mes": "Apr",
    "ano": "2023",
    "qtd": 2
  },
  {
    "municipio": "Campina Grande",
    "mes": "May",
    "ano": "2023",
    "qtd": 5
  },
  {
    "municipio": "Campina Grande",
    "mes": "Jun",
    "ano": "2023",
    "qtd": 4
  },
  {
    "municipio": "Campina Grande",
    "mes": "Jun",
    "ano": "2024",
    "qtd": 2
  },
  {
    "municipio": "Campina Grande",
    "mes": "Aug",
    "ano": "2024",
    "qtd": 1
  },
  {
    "municipio": "Campina Grande",
    "mes": "Nov",
    "ano": "2024",
    "qtd": 1
  },
  {
    "municipio": "Campina Grande",
    "mes": "Dec",
    "ano": "2024",
    "qtd": 1
  },
  {
    "municipio": "João Pessoa",
    "mes": "Aug",
    "ano": "2019",
    "qtd": 1
  },
  {
    "municipio": "João Pessoa",
    "mes": "Feb",
    "ano": "2020",
    "qtd": 2
  },
  {
    "municipio": "João Pessoa",
    "mes": "Apr",
    "ano": "2020",
    "qtd": 1
  },
  {
    "municipio": "João Pessoa",
    "mes": "Aug",
    "ano": "2020",
    "qtd": 1
  },
  {
    "municipio": "João Pessoa",
    "mes": "Feb",
    "ano": "2021",
    "qtd": 1
  },
  {
    "municipio": "João Pessoa",
    "mes": "Feb",
    "ano": "2022",
    "qtd": 1
  },
  {
    "municipio": "João Pessoa",
    "mes": "Sep",
    "ano": "2022",
    "qtd": 1
  },
  {
    "municipio": "João Pessoa",
    "mes": "Apr",
    "ano": "2023",
    "qtd": 2
  },
  {
    "municipio": "João Pessoa",
    "mes": "May",
    "ano": "2023",
    "qtd": 1
  },
  {
    "municipio": "João Pessoa",
    "mes": "Jun",
    "ano": "2023",
    "qtd": 1
  },
  {
    "municipio": "João Pessoa",
    "mes": "Dec",
    "ano": "2023",
    "qtd": 2
  },
  {
    "municipio": "João Pessoa",
    "mes": "Dec",
    "ano": "2024",
    "qtd": 1
  },
  {
    "municipio": "João Pessoa",
    "mes": "Jan",
    "ano": "2025",
    "qtd": 3
  },
  {
    "municipio": "Conceição",
    "mes": "Mar",
    "ano": "2021",
    "qtd": 1
  },
  {
    "municipio": "Conceição",
    "mes": "Mar",
    "ano": "2022",
    "qtd": 1
  },
  {
    "municipio": "Conceição",
    "mes": "May",
    "ano": "2023",
    "qtd": 2
  },
  {
    "municipio": "Conceição",
    "mes": "Jan",
    "ano": "2024",
    "qtd": 1
  },
  {
    "municipio": "Salgadinho",
    "mes": "Sep",
    "ano": "2021",
    "qtd": 1
  },
  {
    "municipio": "Salgadinho",
    "mes": "Jan",
    "ano": "2022",
    "qtd": 2
  },
  {
    "municipio": "Salgadinho",
    "mes": "Feb",
    "ano": "2022",
    "qtd": 2
  },
  {
    "municipio": "Salgadinho",
    "mes": "Mar",
    "ano": "2022",
    "qtd": 5
  },
  {
    "municipio": "Salgadinho",
    "mes": "May",
    "ano": "2022",
    "qtd": 1
  },
  {
    "municipio": "Salgadinho",
    "mes": "Jun",
    "ano": "2022",
    "qtd": 1
  },
  {
    "municipio": "Salgadinho",
    "mes": "May",
    "ano": "2023",
    "qtd": 1
  },
  {
    "municipio": "Salgadinho",
    "mes": "Feb",
    "ano": "2024",
    "qtd": 1
  },
  {
    "municipio": "Salgadinho",
    "mes": "May",
    "ano": "2024",
    "qtd": 1
  },
  {
    "municipio": "Bonito de Santa Fé",
    "mes": "May",
    "ano": "2021",
    "qtd": 1
  },
  {
    "municipio": "Bonito de Santa Fé",
    "mes": "May",
    "ano": "2022",
    "qtd": 1
  },
  {
    "municipio": "São Bento",
    "mes": "Jun",
    "ano": "2022",
    "qtd": 1
  },
  {
    "municipio": "São Bento",
    "mes": "Jun",
    "ano": "2024",
    "qtd": 1
  },
  {
    "municipio": "São João do Cariri",
    "mes": "Mar",
    "ano": "2023",
    "qtd": 2
  },
  {
    "municipio": "Cacimbas",
    "mes": "Mar",
    "ano": "2023",
    "qtd": 2
  },
  {
    "municipio": "Cacimbas",
    "mes": "Jun",
    "ano": "2023",
    "qtd": 5
  },
  {
    "municipio": "Cacimbas",
    "mes": "Aug",
    "ano": "2023",
    "qtd": 1
  },
  {
    "municipio": "Cacimbas",
    "mes": "Sep",
    "ano": "2023",
    "qtd": 1
  },
  {
    "municipio": "Cacimbas",
    "mes": "Nov",
    "ano": "2023",
    "qtd": 2
  },
  {
    "municipio": "Cacimbas",
    "mes": "Feb",
    "ano": "2024",
    "qtd": 1
  },
  {
    "municipio": "Cacimbas",
    "mes": "Apr",
    "ano": "2024",
    "qtd": 1
  },
  {
    "municipio": "Cacimbas",
    "mes": "Nov",
    "ano": "2024",
    "qtd": 1
  },
  {
    "municipio": "Cacimbas",
    "mes": "Dec",
    "ano": "2024",
    "qtd": 3
  },
  {
    "municipio": "Olivedos",
    "mes": "Dec",
    "ano": "2021",
    "qtd": 1
  },
  {
    "municipio": "São José da Lagoa Tapada",
    "mes": "Nov",
    "ano": "2021",
    "qtd": 2
  },
  {
    "municipio": "São José da Lagoa Tapada",
    "mes": "Dec",
    "ano": "2021",
    "qtd": 1
  },
  {
    "municipio": "São José da Lagoa Tapada",
    "mes": "Jan",
    "ano": "2022",
    "qtd": 2
  },
  {
    "municipio": "São José da Lagoa Tapada",
    "mes": "Mar",
    "ano": "2022",
    "qtd": 1
  },
  {
    "municipio": "São José da Lagoa Tapada",
    "mes": "Apr",
    "ano": "2022",
    "qtd": 1
  },
  {
    "municipio": "São José da Lagoa Tapada",
    "mes": "May",
    "ano": "2022",
    "qtd": 6
  },
  {
    "municipio": "São José da Lagoa Tapada",
    "mes": "Aug",
    "ano": "2022",
    "qtd": 2
  },
  {
    "municipio": "São José da Lagoa Tapada",
    "mes": "Sep",
    "ano": "2022",
    "qtd": 2
  },
  {
    "municipio": "São José da Lagoa Tapada",
    "mes": "Jan",
    "ano": "2023",
    "qtd": 4
  },
  {
    "municipio": "São José da Lagoa Tapada",
    "mes": "Feb",
    "ano": "2023",
    "qtd": 1
  },
  {
    "municipio": "São José da Lagoa Tapada",
    "mes": "Mar",
    "ano": "2023",
    "qtd": 3
  },
  {
    "municipio": "São José da Lagoa Tapada",
    "mes": "May",
    "ano": "2023",
    "qtd": 4
  },
  {
    "municipio": "São José da Lagoa Tapada",
    "mes": "Jun",
    "ano": "2023",
    "qtd": 2
  },
  {
    "municipio": "São José da Lagoa Tapada",
    "mes": "Aug",
    "ano": "2023",
    "qtd": 1
  },
  {
    "municipio": "São José da Lagoa Tapada",
    "mes": "Sep",
    "ano": "2023",
    "qtd": 2
  },
  {
    "municipio": "São José da Lagoa Tapada",
    "mes": "Nov",
    "ano": "2023",
    "qtd": 3
  },
  {
    "municipio": "São José da Lagoa Tapada",
    "mes": "Dec",
    "ano": "2023",
    "qtd": 3
  },
  {
    "municipio": "São José da Lagoa Tapada",
    "mes": "May",
    "ano": "2024",
    "qtd": 1
  },
  {
    "municipio": "Brejo do Cruz",
    "mes": "Jan",
    "ano": "2019",
    "qtd": 1
  },
  {
    "municipio": "Brejo do Cruz",
    "mes": "Sep",
    "ano": "2020",
    "qtd": 1
  },
  {
    "municipio": "Sousa",
    "mes": "Mar",
    "ano": "2021",
    "qtd": 1
  },
  {
    "municipio": "Sousa",
    "mes": "Oct",
    "ano": "2021",
    "qtd": 2
  },
  {
    "municipio": "Sousa",
    "mes": "Jan",
    "ano": "2023",
    "qtd": 2
  },
  {
    "municipio": "Sousa",
    "mes": "May",
    "ano": "2023",
    "qtd": 2
  },
  {
    "municipio": "Sousa",
    "mes": "Jan",
    "ano": "2024",
    "qtd": 1
  },
  {
    "municipio": "Sousa",
    "mes": "Apr",
    "ano": "2024",
    "qtd": 2
  },
  {
    "municipio": "Mari",
    "mes": "Sep",
    "ano": "2022",
    "qtd": 1
  },
  {
    "municipio": "Mari",
    "mes": "Feb",
    "ano": "2023",
    "qtd": 2
  },
  {
    "municipio": "Mari",
    "mes": "Jun",
    "ano": "2023",
    "qtd": 1
  },
  {
    "municipio": "Mari",
    "mes": "Jan",
    "ano": "2024",
    "qtd": 3
  },
  {
    "municipio": "Mari",
    "mes": "Feb",
    "ano": "2024",
    "qtd": 3
  },
  {
    "municipio": "Mari",
    "mes": "Mar",
    "ano": "2024",
    "qtd": 3
  },
  {
    "municipio": "Mari",
    "mes": "May",
    "ano": "2024",
    "qtd": 2
  },
  {
    "municipio": "Mari",
    "mes": "Jun",
    "ano": "2024",
    "qtd": 4
  },
  {
    "municipio": "Mari",
    "mes": "Aug",
    "ano": "2024",
    "qtd": 1
  },
  {
    "municipio": "Mari",
    "mes": "Dec",
    "ano": "2024",
    "qtd": 2
  },
  {
    "municipio": "Mari",
    "mes": "Mar",
    "ano": "2025",
    "qtd": 2
  },
  {
    "municipio": "Pilar",
    "mes": "Feb",
    "ano": "2021",
    "qtd": 1
  },
  {
    "municipio": "Pilar",
    "mes": "Dec",
    "ano": "2021",
    "qtd": 1
  },
  {
    "municipio": "Pilar",
    "mes": "Jul",
    "ano": "2022",
    "qtd": 2
  },
  {
    "municipio": "Pilar",
    "mes": "Dec",
    "ano": "2023",
    "qtd": 1
  },
  {
    "municipio": "Juru",
    "mes": "Aug",
    "ano": "2019",
    "qtd": 1
  },
  {
    "municipio": "Juru",
    "mes": "Nov",
    "ano": "2020",
    "qtd": 1
  },
  {
    "municipio": "Juru",
    "mes": "May",
    "ano": "2021",
    "qtd": 1
  },
  {
    "municipio": "Juru",
    "mes": "Nov",
    "ano": "2021",
    "qtd": 1
  },
  {
    "municipio": "Bananeiras",
    "mes": "Feb",
    "ano": "2023",
    "qtd": 1
  },
  {
    "municipio": "Areia",
    "mes": "Jan",
    "ano": "2023",
    "qtd": 1
  },
  {
    "municipio": "Areia",
    "mes": "Feb",
    "ano": "2023",
    "qtd": 2
  },
  {
    "municipio": "Areia",
    "mes": "Mar",
    "ano": "2023",
    "qtd": 1
  },
  {
    "municipio": "Areia",
    "mes": "Feb",
    "ano": "2024",
    "qtd": 1
  },
  {
    "municipio": "Areia",
    "mes": "Jul",
    "ano": "2024",
    "qtd": 1
  },
  {
    "municipio": "Areia",
    "mes": "Dec",
    "ano": "2024",
    "qtd": 1
  },
  {
    "municipio": "Areia",
    "mes": "Feb",
    "ano": "2025",
    "qtd": 3
  },
  {
    "municipio": "Tavares",
    "mes": "Jun",
    "ano": "2020",
    "qtd": 1
  },
  {
    "municipio": "Tavares",
    "mes": "May",
    "ano": "2021",
    "qtd": 1
  },
  {
    "municipio": "Tavares",
    "mes": "Jul",
    "ano": "2022",
    "qtd": 1
  },
  {
    "municipio": "Tavares",
    "mes": "Aug",
    "ano": "2022",
    "qtd": 1
  },
  {
    "municipio": "Tavares",
    "mes": "Oct",
    "ano": "2022",
    "qtd": 1
  },
  {
    "municipio": "Tavares",
    "mes": "Dec",
    "ano": "2022",
    "qtd": 1
  },
  {
    "municipio": "Tavares",
    "mes": "Nov",
    "ano": "2023",
    "qtd": 1
  },
  {
    "municipio": "Tavares",
    "mes": "Apr",
    "ano": "2024",
    "qtd": 4
  },
  {
    "municipio": "Tavares",
    "mes": "Aug",
    "ano": "2024",
    "qtd": 1
  },
  {
    "municipio": "Tavares",
    "mes": "Feb",
    "ano": "2025",
    "qtd": 1
  },
  {
    "municipio": "Tavares",
    "mes": "Apr",
    "ano": "2025",
    "qtd": 2
  },
  {
    "municipio": "Princesa Isabel",
    "mes": "Mar",
    "ano": "2021",
    "qtd": 1
  },
  {
    "municipio": "Princesa Isabel",
    "mes": "May",
    "ano": "2021",
    "qtd": 1
  },
  {
    "municipio": "Princesa Isabel",
    "mes": "Mar",
    "ano": "2022",
    "qtd": 1
  },
  {
    "municipio": "Princesa Isabel",
    "mes": "Feb",
    "ano": "2023",
    "qtd": 1
  },
  {
    "municipio": "Princesa Isabel",
    "mes": "Jan",
    "ano": "2025",
    "qtd": 1
  },
  {
    "municipio": "Junco do Seridó",
    "mes": "Feb",
    "ano": "2023",
    "qtd": 7
  },
  {
    "municipio": "Junco do Seridó",
    "mes": "May",
    "ano": "2023",
    "qtd": 1
  },
  {
    "municipio": "Junco do Seridó",
    "mes": "Sep",
    "ano": "2023",
    "qtd": 1
  },
  {
    "municipio": "Congo",
    "mes": "Jun",
    "ano": "2023",
    "qtd": 1
  },
  {
    "municipio": "Solânea",
    "mes": "Nov",
    "ano": "2023",
    "qtd": 1
  },
  {
    "municipio": "Imaculada",
    "mes": "Aug",
    "ano": "2019",
    "qtd": 1
  },
  {
    "municipio": "Imaculada",
    "mes": "Oct",
    "ano": "2019",
    "qtd": 1
  },
  {
    "municipio": "Imaculada",
    "mes": "Apr",
    "ano": "2020",
    "qtd": 1
  },
  {
    "municipio": "Imaculada",
    "mes": "Nov",
    "ano": "2020",
    "qtd": 1
  },
  {
    "municipio": "Imaculada",
    "mes": "May",
    "ano": "2021",
    "qtd": 1
  },
  {
    "municipio": "Imaculada",
    "mes": "Nov",
    "ano": "2021",
    "qtd": 1
  },
  {
    "municipio": "Imaculada",
    "mes": "May",
    "ano": "2022",
    "qtd": 1
  },
  {
    "municipio": "Imaculada",
    "mes": "Sep",
    "ano": "2022",
    "qtd": 2
  },
  {
    "municipio": "Imaculada",
    "mes": "Dec",
    "ano": "2022",
    "qtd": 1
  },
  {
    "municipio": "Imaculada",
    "mes": "May",
    "ano": "2023",
    "qtd": 1
  },
  {
    "municipio": "Imaculada",
    "mes": "Oct",
    "ano": "2023",
    "qtd": 1
  },
  {
    "municipio": "Imaculada",
    "mes": "Jul",
    "ano": "2024",
    "qtd": 2
  },
  {
    "municipio": "Soledade",
    "mes": "Jul",
    "ano": "2023",
    "qtd": 1
  },
  {
    "municipio": "Guarabira",
    "mes": "Oct",
    "ano": "2019",
    "qtd": 2
  },
  {
    "municipio": "Guarabira",
    "mes": "Mar",
    "ano": "2021",
    "qtd": 1
  },
  {
    "municipio": "",
    "mes": "Sep",
    "ano": "2020",
    "qtd": 1
  },
  {
    "municipio": "",
    "mes": "Nov",
    "ano": "2020",
    "qtd": 1
  },
  {
    "municipio": "",
    "mes": "Jan",
    "ano": "2021",
    "qtd": 1
  },
  {
    "municipio": "",
    "mes": "Feb",
    "ano": "2023",
    "qtd": 1
  },
  {
    "municipio": "",
    "mes": "Jul",
    "ano": "2023",
    "qtd": 2
  },
  {
    "municipio": "",
    "mes": "Jun",
    "ano": "2024",
    "qtd": 1
  },
  {
    "municipio": "",
    "mes": "Jul",
    "ano": "2024",
    "qtd": 1
  },
  {
    "municipio": "",
    "mes": "Sep",
    "ano": "2024",
    "qtd": 1
  },
  {
    "municipio": "",
    "mes": "Jan",
    "ano": "2025",
    "qtd": 1
  },
  {
    "municipio": "Emas",
    "mes": "Jul",
    "ano": "2019",
    "qtd": 1
  },
  {
    "municipio": "Emas",
    "mes": "Jun",
    "ano": "2021",
    "qtd": 1
  },
  {
    "municipio": "Emas",
    "mes": "Sep",
    "ano": "2023",
    "qtd": 1
  },
  {
    "municipio": "Emas",
    "mes": "Dec",
    "ano": "2023",
    "qtd": 1
  },
  {
    "municipio": "Emas",
    "mes": "Mar",
    "ano": "2024",
    "qtd": 1
  },
  {
    "municipio": "Emas",
    "mes": "Apr",
    "ano": "2024",
    "qtd": 1
  },
  {
    "municipio": "Emas",
    "mes": "Sep",
    "ano": "2024",
    "qtd": 1
  },
  {
    "municipio": "Emas",
    "mes": "Dec",
    "ano": "2024",
    "qtd": 1
  },
  {
    "municipio": "Itaporanga",
    "mes": "Jul",
    "ano": "2021",
    "qtd": 1
  },
  {
    "municipio": "Puxinanã",
    "mes": "Apr",
    "ano": "2023",
    "qtd": 1
  },
  {
    "municipio": "Vista Serrana",
    "mes": "Aug",
    "ano": "2023",
    "qtd": 2
  },
  {
    "municipio": "Vista Serrana",
    "mes": "Dec",
    "ano": "2023",
    "qtd": 1
  },
  {
    "municipio": "Santana dos Garrotes",
    "mes": "Mar",
    "ano": "2022",
    "qtd": 1
  },
  {
    "municipio": "Santana dos Garrotes",
    "mes": "May",
    "ano": "2023",
    "qtd": 1
  },
  {
    "municipio": "Malta",
    "mes": "Oct",
    "ano": "2021",
    "qtd": 1
  },
  {
    "municipio": "Malta",
    "mes": "May",
    "ano": "2023",
    "qtd": 1
  },
  {
    "municipio": "Malta",
    "mes": "Jul",
    "ano": "2024",
    "qtd": 2
  },
  {
    "municipio": "Malta",
    "mes": "Mar",
    "ano": "2025",
    "qtd": 2
  },
  {
    "municipio": "Aguiar",
    "mes": "May",
    "ano": "2021",
    "qtd": 1
  },
  {
    "municipio": "Aguiar",
    "mes": "Oct",
    "ano": "2024",
    "qtd": 1
  },
  {
    "municipio": "Arara",
    "mes": "Oct",
    "ano": "2023",
    "qtd": 2
  },
  {
    "municipio": "Monteiro",
    "mes": "Jan",
    "ano": "2023",
    "qtd": 1
  },
  {
    "municipio": "Monteiro",
    "mes": "Feb",
    "ano": "2023",
    "qtd": 1
  },
  {
    "municipio": "Monteiro",
    "mes": "Dec",
    "ano": "2023",
    "qtd": 1
  },
  {
    "municipio": "Monteiro",
    "mes": "Feb",
    "ano": "2025",
    "qtd": 1
  },
  {
    "municipio": "Cubati",
    "mes": "Dec",
    "ano": "2023",
    "qtd": 1
  },
  {
    "municipio": "São Domingos",
    "mes": "Dec",
    "ano": "2023",
    "qtd": 1
  },
  {
    "municipio": "Santa Terezinha",
    "mes": "Nov",
    "ano": "2023",
    "qtd": 1
  },
  {
    "municipio": "Santa Terezinha",
    "mes": "Sep",
    "ano": "2024",
    "qtd": 2
  },
  {
    "municipio": "Teixeira",
    "mes": "Mar",
    "ano": "2023",
    "qtd": 1
  },
  {
    "municipio": "Juazeirinho",
    "mes": "Jan",
    "ano": "2023",
    "qtd": 2
  },
  {
    "municipio": "Alagoa Grande",
    "mes": "Jan",
    "ano": "2023",
    "qtd": 1
  },
  {
    "municipio": "Piancó",
    "mes": "Mar",
    "ano": "2022",
    "qtd": 1
  },
  {
    "municipio": "Piancó",
    "mes": "May",
    "ano": "2023",
    "qtd": 1
  },
  {
    "municipio": "Piancó",
    "mes": "May",
    "ano": "2024",
    "qtd": 1
  },
  {
    "municipio": "Aparecida",
    "mes": "Feb",
    "ano": "2024",
    "qtd": 4
  },
  {
    "municipio": "Aparecida",
    "mes": "Mar",
    "ano": "2025",
    "qtd": 5
  },
  {
    "municipio": "Damião",
    "mes": "Apr",
    "ano": "2024",
    "qtd": 1
  },
  {
    "municipio": "Damião",
    "mes": "Feb",
    "ano": "2025",
    "qtd": 1
  },
  {
    "municipio": "Cabaceiras",
    "mes": "May",
    "ano": "2024",
    "qtd": 1
  },
  {
    "municipio": "São Mamede",
    "mes": "May",
    "ano": "2024",
    "qtd": 1
  },
  {
    "municipio": "Monte Horebe",
    "mes": "Jun",
    "ano": "2024",
    "qtd": 1
  },
  {
    "municipio": "Cachoeira dos Índios",
    "mes": "May",
    "ano": "2024",
    "qtd": 1
  },
  {
    "municipio": "Pocinhos",
    "mes": "Jul",
    "ano": "2024",
    "qtd": 1
  },
  {
    "municipio": "Pocinhos",
    "mes": "Aug",
    "ano": "2024",
    "qtd": 2
  },
  {
    "municipio": "Pocinhos",
    "mes": "Nov",
    "ano": "2024",
    "qtd": 1
  },
  {
    "municipio": "Pocinhos",
    "mes": "Dec",
    "ano": "2024",
    "qtd": 1
  },
  {
    "municipio": "São João do Rio do Peixe",
    "mes": "Nov",
    "ano": "2024",
    "qtd": 2
  },
  {
    "municipio": "Baraúna",
    "mes": "Dec",
    "ano": "2024",
    "qtd": 1
  },
  {
    "municipio": "Baraúna",
    "mes": "Feb",
    "ano": "2025",
    "qtd": 1
  },
  {
    "municipio": "Frei Martinho",
    "mes": "Nov",
    "ano": "2024",
    "qtd": 1
  },
  {
    "municipio": "Cajazeiras",
    "mes": "Oct",
    "ano": "2024",
    "qtd": 1
  },
  {
    "municipio": "Montadas",
    "mes": "Mar",
    "ano": "2025",
    "qtd": 1
  },
  {
    "municipio": "Mato Grosso",
    "mes": "Oct",
    "ano": "2024",
    "qtd": 1
  },
  {
    "municipio": "Boqueirão",
    "mes": "Dec",
    "ano": "2024",
    "qtd": 1
  },
  {
    "municipio": "Todos",
    "mes": "Jan",
    "ano": "2019",
    "qtd": 1
  },
  {
    "municipio": "Todos",
    "mes": "Feb",
    "ano": "2019",
    "qtd": 7
  },
  {
    "municipio": "Todos",
    "mes": "Mar",
    "ano": "2019",
    "qtd": 2
  },
  {
    "municipio": "Todos",
    "mes": "Apr",
    "ano": "2019",
    "qtd": 30
  },
  {
    "municipio": "Todos",
    "mes": "May",
    "ano": "2019",
    "qtd": 19
  },
  {
    "municipio": "Todos",
    "mes": "Jun",
    "ano": "2019",
    "qtd": 19
  },
  {
    "municipio": "Todos",
    "mes": "Jul",
    "ano": "2019",
    "qtd": 19
  },
  {
    "municipio": "Todos",
    "mes": "Aug",
    "ano": "2019",
    "qtd": 19
  },
  {
    "municipio": "Todos",
    "mes": "Sep",
    "ano": "2019",
    "qtd": 17
  },
  {
    "municipio": "Todos",
    "mes": "Oct",
    "ano": "2019",
    "qtd": 4
  },
  {
    "municipio": "Todos",
    "mes": "Nov",
    "ano": "2019",
    "qtd": 5
  },
  {
    "municipio": "Todos",
    "mes": "Dec",
    "ano": "2019",
    "qtd": 5
  },
  {
    "municipio": "Todos",
    "mes": "Jan",
    "ano": "2020",
    "qtd": 24
  },
  {
    "municipio": "Todos",
    "mes": "Feb",
    "ano": "2020",
    "qtd": 40
  },
  {
    "municipio": "Todos",
    "mes": "Mar",
    "ano": "2020",
    "qtd": 48
  },
  {
    "municipio": "Todos",
    "mes": "Apr",
    "ano": "2020",
    "qtd": 16
  },
  {
    "municipio": "Todos",
    "mes": "May",
    "ano": "2020",
    "qtd": 16
  },
  {
    "municipio": "Todos",
    "mes": "Jun",
    "ano": "2020",
    "qtd": 6
  },
  {
    "municipio": "Todos",
    "mes": "Jul",
    "ano": "2020",
    "qtd": 6
  },
  {
    "municipio": "Todos",
    "mes": "Aug",
    "ano": "2020",
    "qtd": 11
  },
  {
    "municipio": "Todos",
    "mes": "Sep",
    "ano": "2020",
    "qtd": 8
  },
  {
    "municipio": "Todos",
    "mes": "Oct",
    "ano": "2020",
    "qtd": 3
  },
  {
    "municipio": "Todos",
    "mes": "Nov",
    "ano": "2020",
    "qtd": 4
  },
  {
    "municipio": "Todos",
    "mes": "Jan",
    "ano": "2021",
    "qtd": 14
  },
  {
    "municipio": "Todos",
    "mes": "Feb",
    "ano": "2021",
    "qtd": 50
  },
  {
    "municipio": "Todos",
    "mes": "Mar",
    "ano": "2021",
    "qtd": 37
  },
  {
    "municipio": "Todos",
    "mes": "Apr",
    "ano": "2021",
    "qtd": 32
  },
  {
    "municipio": "Todos",
    "mes": "May",
    "ano": "2021",
    "qtd": 48
  },
  {
    "municipio": "Todos",
    "mes": "Jun",
    "ano": "2021",
    "qtd": 23
  },
  {
    "municipio": "Todos",
    "mes": "Jul",
    "ano": "2021",
    "qtd": 23
  },
  {
    "municipio": "Todos",
    "mes": "Aug",
    "ano": "2021",
    "qtd": 9
  },
  {
    "municipio": "Todos",
    "mes": "Sep",
    "ano": "2021",
    "qtd": 14
  },
  {
    "municipio": "Todos",
    "mes": "Oct",
    "ano": "2021",
    "qtd": 18
  },
  {
    "municipio": "Todos",
    "mes": "Nov",
    "ano": "2021",
    "qtd": 18
  },
  {
    "municipio": "Todos",
    "mes": "Dec",
    "ano": "2021",
    "qtd": 23
  },
  {
    "municipio": "Todos",
    "mes": "Jan",
    "ano": "2022",
    "qtd": 44
  },
  {
    "municipio": "Todos",
    "mes": "Feb",
    "ano": "2022",
    "qtd": 41
  },
  {
    "municipio": "Todos",
    "mes": "Mar",
    "ano": "2022",
    "qtd": 43
  },
  {
    "municipio": "Todos",
    "mes": "Apr",
    "ano": "2022",
    "qtd": 40
  },
  {
    "municipio": "Todos",
    "mes": "May",
    "ano": "2022",
    "qtd": 36
  },
  {
    "municipio": "Todos",
    "mes": "Jun",
    "ano": "2022",
    "qtd": 24
  },
  {
    "municipio": "Todos",
    "mes": "Jul",
    "ano": "2022",
    "qtd": 24
  },
  {
    "municipio": "Todos",
    "mes": "Aug",
    "ano": "2022",
    "qtd": 52
  },
  {
    "municipio": "Todos",
    "mes": "Sep",
    "ano": "2022",
    "qtd": 40
  },
  {
    "municipio": "Todos",
    "mes": "Oct",
    "ano": "2022",
    "qtd": 10
  },
  {
    "municipio": "Todos",
    "mes": "Nov",
    "ano": "2022",
    "qtd": 23
  },
  {
    "municipio": "Todos",
    "mes": "Dec",
    "ano": "2022",
    "qtd": 59
  },
  {
    "municipio": "Todos",
    "mes": "Jan",
    "ano": "2023",
    "qtd": 159
  },
  {
    "municipio": "Todos",
    "mes": "Feb",
    "ano": "2023",
    "qtd": 81
  },
  {
    "municipio": "Todos",
    "mes": "Mar",
    "ano": "2023",
    "qtd": 126
  },
  {
    "municipio": "Todos",
    "mes": "Apr",
    "ano": "2023",
    "qtd": 101
  },
  {
    "municipio": "Todos",
    "mes": "May",
    "ano": "2023",
    "qtd": 117
  },
  {
    "municipio": "Todos",
    "mes": "Jun",
    "ano": "2023",
    "qtd": 104
  },
  {
    "municipio": "Todos",
    "mes": "Jul",
    "ano": "2023",
    "qtd": 74
  },
  {
    "municipio": "Todos",
    "mes": "Aug",
    "ano": "2023",
    "qtd": 59
  },
  {
    "municipio": "Todos",
    "mes": "Sep",
    "ano": "2023",
    "qtd": 33
  },
  {
    "municipio": "Todos",
    "mes": "Oct",
    "ano": "2023",
    "qtd": 56
  },
  {
    "municipio": "Todos",
    "mes": "Nov",
    "ano": "2023",
    "qtd": 61
  },
  {
    "municipio": "Todos",
    "mes": "Dec",
    "ano": "2023",
    "qtd": 129
  },
  {
    "municipio": "Todos",
    "mes": "Jan",
    "ano": "2024",
    "qtd": 113
  },
  {
    "municipio": "Todos",
    "mes": "Feb",
    "ano": "2024",
    "qtd": 133
  },
  {
    "municipio": "Todos",
    "mes": "Mar",
    "ano": "2024",
    "qtd": 129
  },
  {
    "municipio": "Todos",
    "mes": "Apr",
    "ano": "2024",
    "qtd": 124
  },
  {
    "municipio": "Todos",
    "mes": "May",
    "ano": "2024",
    "qtd": 119
  },
  {
    "municipio": "Todos",
    "mes": "Jun",
    "ano": "2024",
    "qtd": 92
  },
  {
    "municipio": "Todos",
    "mes": "Jul",
    "ano": "2024",
    "qtd": 99
  },
  {
    "municipio": "Todos",
    "mes": "Aug",
    "ano": "2024",
    "qtd": 56
  },
  {
    "municipio": "Todos",
    "mes": "Sep",
    "ano": "2024",
    "qtd": 74
  },
  {
    "municipio": "Todos",
    "mes": "Oct",
    "ano": "2024",
    "qtd": 47
  },
  {
    "municipio": "Todos",
    "mes": "Nov",
    "ano": "2024",
    "qtd": 58
  },
  {
    "municipio": "Todos",
    "mes": "Dec",
    "ano": "2024",
    "qtd": 92
  },
  {
    "municipio": "Todos",
    "mes": "Jan",
    "ano": "2025",
    "qtd": 56
  },
  {
    "municipio": "Todos",
    "mes": "Feb",
    "ano": "2025",
    "qtd": 145
  },
  {
    "municipio": "Todos",
    "mes": "Mar",
    "ano": "2025",
    "qtd": 119
  },
  {
    "municipio": "Todos",
    "mes": "Apr",
    "ano": "2025",
    "qtd": 49
  }
]